{"cameraMode":{"drawMode":0,"name":"Shaded","section":"Shading Mode"},"sceneLighting":true,"audioPlay":false,"sceneViewState":{"showFog":true,"showMaterialUpdate":false,"showSkybox":true,"showFlares":true,"showImageEffects":true,"showParticleSystems":true},"in2DMode":false,"pivot":{"x":28.6475772857666,"y":-66.35847473144531,"z":-8.47503662109375},"rotation":{"x":0.0027955176774412395,"y":0.8131107687950134,"z":-0.5820959210395813,"w":0.0039040097035467626},"size":157.9880828857422,"orthographic":false}